{"cameraMode":{"drawMode":0,"name":"Shaded","section":"Shading Mode"},"sceneLighting":false,"audioPlay":false,"sceneViewState":{"showFog":true,"showMaterialUpdate":false,"showSkybox":false,"showFlares":true,"showImageEffects":true,"showParticleSystems":true},"in2DMode":false,"pivot":{"x":0.2527690827846527,"y":0.6963008642196655,"z":0.010971546173095703},"rotation":{"x":-0.008674578741192818,"y":0.9831322431564331,"z":-0.1761690378189087,"w":-0.04840835928916931},"size":3.4414780139923097,"orthographic":false}